state0,state1,rate,N
"E1","Enew1",.0508527,5414
"E1","Enew10",.0019862,212
"E1","Enew11",.000431,46
"E1","Enew12",.0008075,86
"E1","Enew13",.0021348,227
"E1","Enew14",.0012648,134
"E1","Enew15",.001429,152
"E1","Enew16",.0065618,698
"E1","Enew17",.0067501,718
"E1","Enew18",.0006733,72
"E1","Enew19",.003358,357
"E1","Enew2",.0055128,587
"E1","Enew20",.0013928,148
"E1","Enew21",.0021638,230
"E1","Enew22",.00238,253
"E1","Enew3",.0025497,271
"E1","Enew4",.0015215,162
"E1","Enew5",.0006487,69
"E1","Enew6",.0011306,120
"E1","Enew7",.0004951,53
"E1","Enew8",.0020569,219
"E1","Enew9",.0014199,151
"E1","Esame1",.8978583,95579
"E1","Esame10",0,0
"E1","Esame11",0,0
"E1","Esame12",0,0
"E1","Esame13",0,0
"E1","Esame14",0,0
"E1","Esame15",0,0
"E1","Esame16",0,0
"E1","Esame17",0,0
"E1","Esame18",0,0
"E1","Esame19",0,0
"E1","Esame2",0,0
"E1","Esame20",0,0
"E1","Esame21",0,0
"E1","Esame22",0,0
"E1","Esame3",0,0
"E1","Esame4",0,0
"E1","Esame5",0,0
"E1","Esame6",0,0
"E1","Esame7",0,0
"E1","Esame8",0,0
"E1","Esame9",0,0
"E1","U1",.0046206,492
"E1","U10",0,0
"E1","U11",0,0
"E1","U12",0,0
"E1","U13",0,0
"E1","U14",0,0
"E1","U15",0,0
"E1","U16",0,0
"E1","U17",0,0
"E1","U18",0,0
"E1","U19",0,0
"E1","U2",0,0
"E1","U20",0,0
"E1","U21",0,0
"E1","U22",0,0
"E1","U3",0,0
"E1","U4",0,0
"E1","U5",0,0
"E1","U6",0,0
"E1","U7",0,0
"E1","U8",0,0
"E1","U9",0,0
"E10","Enew1",.0050666,280
"E10","Enew10",.0640245,3536
"E10","Enew11",.0055583,307
"E10","Enew12",.0006506,36
"E10","Enew13",.0011904,66
"E10","Enew14",.0005782,32
"E10","Enew15",.0017378,96
"E10","Enew16",.002551,141
"E10","Enew17",.0054959,304
"E10","Enew18",.0000724,4
"E10","Enew19",.0004873,27
"E10","Enew2",.0019549,108
"E10","Enew20",.0004524,25
"E10","Enew21",.0010164,56
"E10","Enew22",.0007978,44
"E10","Enew3",.0009606,53
"E10","Enew4",.0006118,34
"E10","Enew5",.0010666,59
"E10","Enew6",.0015418,85
"E10","Enew7",.000306,17
"E10","Enew8",.0022257,123
"E10","Enew9",.0004897,27
"E10","Esame1",0,0
"E10","Esame10",.89732,49527
"E10","Esame11",0,0
"E10","Esame12",0,0
"E10","Esame13",0,0
"E10","Esame14",0,0
"E10","Esame15",0,0
"E10","Esame16",0,0
"E10","Esame17",0,0
"E10","Esame18",0,0
"E10","Esame19",0,0
"E10","Esame2",0,0
"E10","Esame20",0,0
"E10","Esame21",0,0
"E10","Esame22",0,0
"E10","Esame3",0,0
"E10","Esame4",0,0
"E10","Esame5",0,0
"E10","Esame6",0,0
"E10","Esame7",0,0
"E10","Esame8",0,0
"E10","Esame9",0,0
"E10","U1",0,0
"E10","U10",.0038434,212
"E10","U11",0,0
"E10","U12",0,0
"E10","U13",0,0
"E10","U14",0,0
"E10","U15",0,0
"E10","U16",0,0
"E10","U17",0,0
"E10","U18",0,0
"E10","U19",0,0
"E10","U2",0,0
"E10","U20",0,0
"E10","U21",0,0
"E10","U22",0,0
"E10","U3",0,0
"E10","U4",0,0
"E10","U5",0,0
"E10","U6",0,0
"E10","U7",0,0
"E10","U8",0,0
"E10","U9",0,0
"E11","Enew1",.0031266,61
"E11","Enew10",.0151866,296
"E11","Enew11",.0663792,1293
"E11","Enew12",.0006293,12
"E11","Enew13",.0039972,78
"E11","Enew14",.0028617,56
"E11","Enew15",.0105292,206
"E11","Enew16",.0045697,89
"E11","Enew17",.0101587,198
"E11","Enew18",.0002064,4
"E11","Enew19",.000618,12
"E11","Enew2",.0014434,28
"E11","Enew20",.000513,10
"E11","Enew21",.0015848,31
"E11","Enew22",.0021084,41
"E11","Enew3",.0006128,12
"E11","Enew4",.0001563,3
"E11","Enew5",.0002532,5
"E11","Enew6",.0015314,30
"E11","Enew7",.0002576,5
"E11","Enew8",.002405,47
"E11","Enew9",.0004058,8
"E11","Esame1",0,0
"E11","Esame10",0,0
"E11","Esame11",.8604037,16790
"E11","Esame12",0,0
"E11","Esame13",0,0
"E11","Esame14",0,0
"E11","Esame15",0,0
"E11","Esame16",0,0
"E11","Esame17",0,0
"E11","Esame18",0,0
"E11","Esame19",0,0
"E11","Esame2",0,0
"E11","Esame20",0,0
"E11","Esame21",0,0
"E11","Esame22",0,0
"E11","Esame3",0,0
"E11","Esame4",0,0
"E11","Esame5",0,0
"E11","Esame6",0,0
"E11","Esame7",0,0
"E11","Esame8",0,0
"E11","Esame9",0,0
"E11","U1",0,0
"E11","U10",0,0
"E11","U11",.0100623,196
"E11","U12",0,0
"E11","U13",0,0
"E11","U14",0,0
"E11","U15",0,0
"E11","U16",0,0
"E11","U17",0,0
"E11","U18",0,0
"E11","U19",0,0
"E11","U2",0,0
"E11","U20",0,0
"E11","U21",0,0
"E11","U22",0,0
"E11","U3",0,0
"E11","U4",0,0
"E11","U5",0,0
"E11","U6",0,0
"E11","U7",0,0
"E11","U8",0,0
"E11","U9",0,0
"E12","Enew1",.0039162,70
"E12","Enew10",.001502,27
"E12","Enew11",.0009011,16
"E12","Enew12",.0659915,1177
"E12","Enew13",.0023831,43
"E12","Enew14",.0013014,23
"E12","Enew15",.0014505,26
"E12","Enew16",.0045153,81
"E12","Enew17",.0056312,101
"E12","Enew18",.0003978,7
"E12","Enew19",.0026498,47
"E12","Enew2",.0019172,34
"E12","Enew20",.0015849,28
"E12","Enew21",.0020879,37
"E12","Enew22",.0035833,64
"E12","Enew3",.0010517,19
"E12","Enew4",.0008793,16
"E12","Enew5",.0001157,2
"E12","Enew6",.0012313,22
"E12","Enew7",.0003332,6
"E12","Enew8",.0010498,19
"E12","Enew9",.0006113,11
"E12","Esame1",0,0
"E12","Esame10",0,0
"E12","Esame11",0,0
"E12","Esame12",.88666,15796
"E12","Esame13",0,0
"E12","Esame14",0,0
"E12","Esame15",0,0
"E12","Esame16",0,0
"E12","Esame17",0,0
"E12","Esame18",0,0
"E12","Esame19",0,0
"E12","Esame2",0,0
"E12","Esame20",0,0
"E12","Esame21",0,0
"E12","Esame22",0,0
"E12","Esame3",0,0
"E12","Esame4",0,0
"E12","Esame5",0,0
"E12","Esame6",0,0
"E12","Esame7",0,0
"E12","Esame8",0,0
"E12","Esame9",0,0
"E12","U1",0,0
"E12","U10",0,0
"E12","U11",0,0
"E12","U12",.0082548,147
"E12","U13",0,0
"E12","U14",0,0
"E12","U15",0,0
"E12","U16",0,0
"E12","U17",0,0
"E12","U18",0,0
"E12","U19",0,0
"E12","U2",0,0
"E12","U20",0,0
"E12","U21",0,0
"E12","U22",0,0
"E12","U3",0,0
"E12","U4",0,0
"E12","U5",0,0
"E12","U6",0,0
"E12","U7",0,0
"E12","U8",0,0
"E12","U9",0,0
"E13","Enew1",.0053367,243
"E13","Enew10",.0016977,77
"E13","Enew11",.0016423,74
"E13","Enew12",.0010039,46
"E13","Enew13",.0803882,3648
"E13","Enew14",.0037901,172
"E13","Enew15",.003709,168
"E13","Enew16",.0085935,390
"E13","Enew17",.0083839,381
"E13","Enew18",.000347,16
"E13","Enew19",.0028186,128
"E13","Enew2",.001002,45
"E13","Enew20",.0009994,45
"E13","Enew21",.0038153,173
"E13","Enew22",.0040645,185
"E13","Enew3",.0005859,26
"E13","Enew4",.0004364,20
"E13","Enew5",.0001537,7
"E13","Enew6",.0007524,34
"E13","Enew7",.0002832,13
"E13","Enew8",.0022792,103
"E13","Enew9",.0009071,41
"E13","Esame1",0,0
"E13","Esame10",0,0
"E13","Esame11",0,0
"E13","Esame12",0,0
"E13","Esame13",.8500072,38532
"E13","Esame14",0,0
"E13","Esame15",0,0
"E13","Esame16",0,0
"E13","Esame17",0,0
"E13","Esame18",0,0
"E13","Esame19",0,0
"E13","Esame2",0,0
"E13","Esame20",0,0
"E13","Esame21",0,0
"E13","Esame22",0,0
"E13","Esame3",0,0
"E13","Esame4",0,0
"E13","Esame5",0,0
"E13","Esame6",0,0
"E13","Esame7",0,0
"E13","Esame8",0,0
"E13","Esame9",0,0
"E13","U1",0,0
"E13","U10",0,0
"E13","U11",0,0
"E13","U12",0,0
"E13","U13",.0170028,775
"E13","U14",0,0
"E13","U15",0,0
"E13","U16",0,0
"E13","U17",0,0
"E13","U18",0,0
"E13","U19",0,0
"E13","U2",0,0
"E13","U20",0,0
"E13","U21",0,0
"E13","U22",0,0
"E13","U3",0,0
"E13","U4",0,0
"E13","U5",0,0
"E13","U6",0,0
"E13","U7",0,0
"E13","U8",0,0
"E13","U9",0,0
"E14","Enew1",.0035964,115
"E14","Enew10",.0009218,29
"E14","Enew11",.0013083,42
"E14","Enew12",.0010535,34
"E14","Enew13",.0052288,168
"E14","Enew14",.0911472,2922
"E14","Enew15",.0029778,95
"E14","Enew16",.0045028,144
"E14","Enew17",.0057429,182
"E14","Enew18",.0015805,51
"E14","Enew19",.0069058,220
"E14","Enew2",.0005698,18
"E14","Enew20",.0039755,128
"E14","Enew21",.0051557,165
"E14","Enew22",.0063932,204
"E14","Enew3",.0004467,14
"E14","Enew4",.0007075,23
"E14","Enew5",.0002122,7
"E14","Enew6",.0002733,9
"E14","Enew7",.0001867,6
"E14","Enew8",.001194,39
"E14","Enew9",.0006351,20
"E14","Esame1",0,0
"E14","Esame10",0,0
"E14","Esame11",0,0
"E14","Esame12",0,0
"E14","Esame13",0,0
"E14","Esame14",.8388005,26788
"E14","Esame15",0,0
"E14","Esame16",0,0
"E14","Esame17",0,0
"E14","Esame18",0,0
"E14","Esame19",0,0
"E14","Esame2",0,0
"E14","Esame20",0,0
"E14","Esame21",0,0
"E14","Esame22",0,0
"E14","Esame3",0,0
"E14","Esame4",0,0
"E14","Esame5",0,0
"E14","Esame6",0,0
"E14","Esame7",0,0
"E14","Esame8",0,0
"E14","Esame9",0,0
"E14","U1",0,0
"E14","U10",0,0
"E14","U11",0,0
"E14","U12",0,0
"E14","U13",0,0
"E14","U14",.0164839,524
"E14","U15",0,0
"E14","U16",0,0
"E14","U17",0,0
"E14","U18",0,0
"E14","U19",0,0
"E14","U2",0,0
"E14","U20",0,0
"E14","U21",0,0
"E14","U22",0,0
"E14","U3",0,0
"E14","U4",0,0
"E14","U5",0,0
"E14","U6",0,0
"E14","U7",0,0
"E14","U8",0,0
"E14","U9",0,0
"E15","Enew1",.0049584,158
"E15","Enew10",.0039803,126
"E15","Enew11",.0068544,217
"E15","Enew12",.0005642,18
"E15","Enew13",.0049553,157
"E15","Enew14",.0028213,89
"E15","Enew15",.0780865,2474
"E15","Enew16",.0050271,159
"E15","Enew17",.0086926,276
"E15","Enew18",.0003859,12
"E15","Enew19",.001177,37
"E15","Enew2",.0015805,50
"E15","Enew20",.0005122,16
"E15","Enew21",.0020849,66
"E15","Enew22",.0033226,105
"E15","Enew3",.0006391,20
"E15","Enew4",.0005047,16
"E15","Enew5",.0001557,5
"E15","Enew6",.0015776,50
"E15","Enew7",.0002212,7
"E15","Enew8",.0050058,158
"E15","Enew9",.001242,39
"E15","Esame1",0,0
"E15","Esame10",0,0
"E15","Esame11",0,0
"E15","Esame12",0,0
"E15","Esame13",0,0
"E15","Esame14",0,0
"E15","Esame15",.8522057,26998
"E15","Esame16",0,0
"E15","Esame17",0,0
"E15","Esame18",0,0
"E15","Esame19",0,0
"E15","Esame2",0,0
"E15","Esame20",0,0
"E15","Esame21",0,0
"E15","Esame22",0,0
"E15","Esame3",0,0
"E15","Esame4",0,0
"E15","Esame5",0,0
"E15","Esame6",0,0
"E15","Esame7",0,0
"E15","Esame8",0,0
"E15","Esame9",0,0
"E15","U1",0,0
"E15","U10",0,0
"E15","U11",0,0
"E15","U12",0,0
"E15","U13",0,0
"E15","U14",0,0
"E15","U15",.0134451,426
"E15","U16",0,0
"E15","U17",0,0
"E15","U18",0,0
"E15","U19",0,0
"E15","U2",0,0
"E15","U20",0,0
"E15","U21",0,0
"E15","U22",0,0
"E15","U3",0,0
"E15","U4",0,0
"E15","U5",0,0
"E15","U6",0,0
"E15","U7",0,0
"E15","U8",0,0
"E15","U9",0,0
"E16","Enew1",.0088827,768
"E16","Enew10",.0017113,148
"E16","Enew11",.0011123,96
"E16","Enew12",.0008227,71
"E16","Enew13",.0044178,382
"E16","Enew14",.0017091,148
"E16","Enew15",.0022431,194
"E16","Enew16",.0673584,5823
"E16","Enew17",.0117228,1013
"E16","Enew18",.0003934,34
"E16","Enew19",.0021832,189
"E16","Enew2",.0039587,342
"E16","Enew20",.0017219,149
"E16","Enew21",.003506,303
"E16","Enew22",.0045545,394
"E16","Enew3",.0013249,114
"E16","Enew4",.0006693,58
"E16","Enew5",.0002773,24
"E16","Enew6",.0005572,48
"E16","Enew7",.0003246,28
"E16","Enew8",.0017706,153
"E16","Enew9",.0012989,112
"E16","Esame1",0,0
"E16","Esame10",0,0
"E16","Esame11",0,0
"E16","Esame12",0,0
"E16","Esame13",0,0
"E16","Esame14",0,0
"E16","Esame15",0,0
"E16","Esame16",.8687263,75110
"E16","Esame17",0,0
"E16","Esame18",0,0
"E16","Esame19",0,0
"E16","Esame2",0,0
"E16","Esame20",0,0
"E16","Esame21",0,0
"E16","Esame22",0,0
"E16","Esame3",0,0
"E16","Esame4",0,0
"E16","Esame5",0,0
"E16","Esame6",0,0
"E16","Esame7",0,0
"E16","Esame8",0,0
"E16","Esame9",0,0
"E16","U1",0,0
"E16","U10",0,0
"E16","U11",0,0
"E16","U12",0,0
"E16","U13",0,0
"E16","U14",0,0
"E16","U15",0,0
"E16","U16",.0087529,757
"E16","U17",0,0
"E16","U18",0,0
"E16","U19",0,0
"E16","U2",0,0
"E16","U20",0,0
"E16","U21",0,0
"E16","U22",0,0
"E16","U3",0,0
"E16","U4",0,0
"E16","U5",0,0
"E16","U6",0,0
"E16","U7",0,0
"E16","U8",0,0
"E16","U9",0,0
"E17","Enew1",.0082578,831
"E17","Enew10",.0026722,269
"E17","Enew11",.001864,188
"E17","Enew12",.0009418,95
"E17","Enew13",.003064,308
"E17","Enew14",.0016992,171
"E17","Enew15",.0027462,276
"E17","Enew16",.0095028,957
"E17","Enew17",.0605057,6100
"E17","Enew18",.0003376,34
"E17","Enew19",.0014435,145
"E17","Enew2",.0056513,570
"E17","Enew20",.0011888,120
"E17","Enew21",.0029871,301
"E17","Enew22",.0047121,474
"E17","Enew3",.0018675,188
"E17","Enew4",.0006785,68
"E17","Enew5",.0003576,36
"E17","Enew6",.0012818,129
"E17","Enew7",.0007729,78
"E17","Enew8",.0023913,241
"E17","Enew9",.0012205,123
"E17","Esame1",0,0
"E17","Esame10",0,0
"E17","Esame11",0,0
"E17","Esame12",0,0
"E17","Esame13",0,0
"E17","Esame14",0,0
"E17","Esame15",0,0
"E17","Esame16",0,0
"E17","Esame17",.8755769,88185
"E17","Esame18",0,0
"E17","Esame19",0,0
"E17","Esame2",0,0
"E17","Esame20",0,0
"E17","Esame21",0,0
"E17","Esame22",0,0
"E17","Esame3",0,0
"E17","Esame4",0,0
"E17","Esame5",0,0
"E17","Esame6",0,0
"E17","Esame7",0,0
"E17","Esame8",0,0
"E17","Esame9",0,0
"E17","U1",0,0
"E17","U10",0,0
"E17","U11",0,0
"E17","U12",0,0
"E17","U13",0,0
"E17","U14",0,0
"E17","U15",0,0
"E17","U16",0,0
"E17","U17",.0082787,835
"E17","U18",0,0
"E17","U19",0,0
"E17","U2",0,0
"E17","U20",0,0
"E17","U21",0,0
"E17","U22",0,0
"E17","U3",0,0
"E17","U4",0,0
"E17","U5",0,0
"E17","U6",0,0
"E17","U7",0,0
"E17","U8",0,0
"E17","U9",0,0
"E18","Enew1",.0108335,76
"E18","Enew10",.0004647,3
"E18","Enew11",.000133,1
"E18","Enew12",.0013114,10
"E18","Enew13",.0029087,21
"E18","Enew14",.0067088,47
"E18","Enew15",.0024388,17
"E18","Enew16",.0034591,25
"E18","Enew17",.0045545,32
"E18","Enew18",.0746704,534
"E18","Enew19",.0072374,52
"E18","Enew2",.0008612,6
"E18","Enew20",.0018991,13
"E18","Enew21",.0077445,54
"E18","Enew22",.0107236,75
"E18","Enew3",.0001474,1
"E18","Enew4",.0009532,7
"E18","Enew5",.0010153,7
"E18","Enew6",.0001403,1
"E18","Enew7",0,0
"E18","Enew8",.0002779,2
"E18","Enew9",.0007297,5
"E18","Esame1",0,0
"E18","Esame10",0,0
"E18","Esame11",0,0
"E18","Esame12",0,0
"E18","Esame13",0,0
"E18","Esame14",0,0
"E18","Esame15",0,0
"E18","Esame16",0,0
"E18","Esame17",0,0
"E18","Esame18",.8346121,5916
"E18","Esame19",0,0
"E18","Esame2",0,0
"E18","Esame20",0,0
"E18","Esame21",0,0
"E18","Esame22",0,0
"E18","Esame3",0,0
"E18","Esame4",0,0
"E18","Esame5",0,0
"E18","Esame6",0,0
"E18","Esame7",0,0
"E18","Esame8",0,0
"E18","Esame9",0,0
"E18","U1",0,0
"E18","U10",0,0
"E18","U11",0,0
"E18","U12",0,0
"E18","U13",0,0
"E18","U14",0,0
"E18","U15",0,0
"E18","U16",0,0
"E18","U17",0,0
"E18","U18",.0261754,187
"E18","U19",0,0
"E18","U2",0,0
"E18","U20",0,0
"E18","U21",0,0
"E18","U22",0,0
"E18","U3",0,0
"E18","U4",0,0
"E18","U5",0,0
"E18","U6",0,0
"E18","U7",0,0
"E18","U8",0,0
"E18","U9",0,0
"E19","Enew1",.0089759,424
"E19","Enew10",.0005961,28
"E19","Enew11",.0002761,13
"E19","Enew12",.0009939,47
"E19","Enew13",.0026405,125
"E19","Enew14",.0045733,215
"E19","Enew15",.0007653,36
"E19","Enew16",.0034298,162
"E19","Enew17",.0029239,138
"E19","Enew18",.0010381,49
"E19","Enew19",.1059527,4987
"E19","Enew2",.0011687,55
"E19","Enew20",.0058191,274
"E19","Enew21",.0064266,302
"E19","Enew22",.0068181,321
"E19","Enew3",.0003858,18
"E19","Enew4",.0013456,63
"E19","Enew5",.0001691,8
"E19","Enew6",.0001684,8
"E19","Enew7",.0001494,7
"E19","Enew8",.000464,22
"E19","Enew9",.0007643,36
"E19","Esame1",0,0
"E19","Esame10",0,0
"E19","Esame11",0,0
"E19","Esame12",0,0
"E19","Esame13",0,0
"E19","Esame14",0,0
"E19","Esame15",0,0
"E19","Esame16",0,0
"E19","Esame17",0,0
"E19","Esame18",0,0
"E19","Esame19",.8213723,38648
"E19","Esame2",0,0
"E19","Esame20",0,0
"E19","Esame21",0,0
"E19","Esame22",0,0
"E19","Esame3",0,0
"E19","Esame4",0,0
"E19","Esame5",0,0
"E19","Esame6",0,0
"E19","Esame7",0,0
"E19","Esame8",0,0
"E19","Esame9",0,0
"E19","U1",0,0
"E19","U10",0,0
"E19","U11",0,0
"E19","U12",0,0
"E19","U13",0,0
"E19","U14",0,0
"E19","U15",0,0
"E19","U16",0,0
"E19","U17",0,0
"E19","U18",0,0
"E19","U19",.0227831,1069
"E19","U2",0,0
"E19","U20",0,0
"E19","U21",0,0
"E19","U22",0,0
"E19","U3",0,0
"E19","U4",0,0
"E19","U5",0,0
"E19","U6",0,0
"E19","U7",0,0
"E19","U8",0,0
"E19","U9",0,0
"E2","Enew1",.0130225,565
"E2","Enew10",.0022426,97
"E2","Enew11",.0004687,20
"E2","Enew12",.0006719,29
"E2","Enew13",.0011354,49
"E2","Enew14",.0005716,25
"E2","Enew15",.0015948,69
"E2","Enew16",.0069575,302
"E2","Enew17",.0121861,530
"E2","Enew18",.0002104,9
"E2","Enew19",.0012762,55
"E2","Enew2",.0560147,2425
"E2","Enew20",.0006469,28
"E2","Enew21",.0014288,62
"E2","Enew22",.0015328,66
"E2","Enew3",.0036441,158
"E2","Enew4",.0011701,51
"E2","Enew5",.0008061,35
"E2","Enew6",.001358,59
"E2","Enew7",.0011449,50
"E2","Enew8",.0026754,116
"E2","Enew9",.0017292,75
"E2","Esame1",0,0
"E2","Esame10",0,0
"E2","Esame11",0,0
"E2","Esame12",0,0
"E2","Esame13",0,0
"E2","Esame14",0,0
"E2","Esame15",0,0
"E2","Esame16",0,0
"E2","Esame17",0,0
"E2","Esame18",0,0
"E2","Esame19",0,0
"E2","Esame2",.8816558,38235
"E2","Esame20",0,0
"E2","Esame21",0,0
"E2","Esame22",0,0
"E2","Esame3",0,0
"E2","Esame4",0,0
"E2","Esame5",0,0
"E2","Esame6",0,0
"E2","Esame7",0,0
"E2","Esame8",0,0
"E2","Esame9",0,0
"E2","U1",0,0
"E2","U10",0,0
"E2","U11",0,0
"E2","U12",0,0
"E2","U13",0,0
"E2","U14",0,0
"E2","U15",0,0
"E2","U16",0,0
"E2","U17",0,0
"E2","U18",0,0
"E2","U19",0,0
"E2","U2",.0058555,255
"E2","U20",0,0
"E2","U21",0,0
"E2","U22",0,0
"E2","U3",0,0
"E2","U4",0,0
"E2","U5",0,0
"E2","U6",0,0
"E2","U7",0,0
"E2","U8",0,0
"E2","U9",0,0
"E20","Enew1",.0043667,130
"E20","Enew10",.0004025,12
"E20","Enew11",.0003689,11
"E20","Enew12",.0010438,31
"E20","Enew13",.0013193,39
"E20","Enew14",.0045263,134
"E20","Enew15",.0005742,17
"E20","Enew16",.0059784,177
"E20","Enew17",.0033942,101
"E20","Enew18",.0006769,20
"E20","Enew19",.0089449,266
"E20","Enew2",.0008733,26
"E20","Enew20",.0621202,1843
"E20","Enew21",.0052553,156
"E20","Enew22",.0065339,194
"E20","Enew3",.0022766,68
"E20","Enew4",.0020504,61
"E20","Enew5",.0003047,9
"E20","Enew6",.0002328,7
"E20","Enew7",.0001293,4
"E20","Enew8",.0005378,16
"E20","Enew9",.001014,30
"E20","Esame1",0,0
"E20","Esame10",0,0
"E20","Esame11",0,0
"E20","Esame12",0,0
"E20","Esame13",0,0
"E20","Esame14",0,0
"E20","Esame15",0,0
"E20","Esame16",0,0
"E20","Esame17",0,0
"E20","Esame18",0,0
"E20","Esame19",0,0
"E20","Esame2",0,0
"E20","Esame20",.8795794,26110
"E20","Esame21",0,0
"E20","Esame22",0,0
"E20","Esame3",0,0
"E20","Esame4",0,0
"E20","Esame5",0,0
"E20","Esame6",0,0
"E20","Esame7",0,0
"E20","Esame8",0,0
"E20","Esame9",0,0
"E20","U1",0,0
"E20","U10",0,0
"E20","U11",0,0
"E20","U12",0,0
"E20","U13",0,0
"E20","U14",0,0
"E20","U15",0,0
"E20","U16",0,0
"E20","U17",0,0
"E20","U18",0,0
"E20","U19",0,0
"E20","U2",0,0
"E20","U20",.007496,223
"E20","U21",0,0
"E20","U22",0,0
"E20","U3",0,0
"E20","U4",0,0
"E20","U5",0,0
"E20","U6",0,0
"E20","U7",0,0
"E20","U8",0,0
"E20","U9",0,0
"E21","Enew1",.0047233,233
"E21","Enew10",.001031,51
"E21","Enew11",.001033,51
"E21","Enew12",.0009523,47
"E21","Enew13",.0030062,148
"E21","Enew14",.0027034,133
"E21","Enew15",.001209,60
"E21","Enew16",.0055158,272
"E21","Enew17",.0060446,298
"E21","Enew18",.0011729,58
"E21","Enew19",.0070243,347
"E21","Enew2",.0012802,63
"E21","Enew20",.0036437,180
"E21","Enew21",.0645388,3184
"E21","Enew22",.0088991,438
"E21","Enew3",.0009307,46
"E21","Enew4",.0016445,81
"E21","Enew5",.0006434,32
"E21","Enew6",.0002668,13
"E21","Enew7",.000063,3
"E21","Enew8",.0008759,43
"E21","Enew9",.0012,59
"E21","Esame1",0,0
"E21","Esame10",0,0
"E21","Esame11",0,0
"E21","Esame12",0,0
"E21","Esame13",0,0
"E21","Esame14",0,0
"E21","Esame15",0,0
"E21","Esame16",0,0
"E21","Esame17",0,0
"E21","Esame18",0,0
"E21","Esame19",0,0
"E21","Esame2",0,0
"E21","Esame20",0,0
"E21","Esame21",.8700572,42887
"E21","Esame22",0,0
"E21","Esame3",0,0
"E21","Esame4",0,0
"E21","Esame5",0,0
"E21","Esame6",0,0
"E21","Esame7",0,0
"E21","Esame8",0,0
"E21","Esame9",0,0
"E21","U1",0,0
"E21","U10",0,0
"E21","U11",0,0
"E21","U12",0,0
"E21","U13",0,0
"E21","U14",0,0
"E21","U15",0,0
"E21","U16",0,0
"E21","U17",0,0
"E21","U18",0,0
"E21","U19",0,0
"E21","U2",0,0
"E21","U20",0,0
"E21","U21",.0115407,569
"E21","U22",0,0
"E21","U3",0,0
"E21","U4",0,0
"E21","U5",0,0
"E21","U6",0,0
"E21","U7",0,0
"E21","U8",0,0
"E21","U9",0,0
"E22","Enew1",.004397,229
"E22","Enew10",.0009434,49
"E22","Enew11",.0007429,39
"E22","Enew12",.0009786,51
"E22","Enew13",.0034161,178
"E22","Enew14",.0041176,215
"E22","Enew15",.0018389,96
"E22","Enew16",.0059493,310
"E22","Enew17",.0092864,485
"E22","Enew18",.0015525,81
"E22","Enew19",.0058546,304
"E22","Enew2",.001285,67
"E22","Enew20",.003572,186
"E22","Enew21",.0090415,471
"E22","Enew22",.0798045,4158
"E22","Enew3",.0006728,35
"E22","Enew4",.0007177,37
"E22","Enew5",.0001498,8
"E22","Enew6",.0003459,18
"E22","Enew7",.0001531,8
"E22","Enew8",.0008647,45
"E22","Enew9",.0006708,35
"E22","Esame1",0,0
"E22","Esame10",0,0
"E22","Esame11",0,0
"E22","Esame12",0,0
"E22","Esame13",0,0
"E22","Esame14",0,0
"E22","Esame15",0,0
"E22","Esame16",0,0
"E22","Esame17",0,0
"E22","Esame18",0,0
"E22","Esame19",0,0
"E22","Esame2",0,0
"E22","Esame20",0,0
"E22","Esame21",0,0
"E22","Esame22",.8487906,44243
"E22","Esame3",0,0
"E22","Esame4",0,0
"E22","Esame5",0,0
"E22","Esame6",0,0
"E22","Esame7",0,0
"E22","Esame8",0,0
"E22","Esame9",0,0
"E22","U1",0,0
"E22","U10",0,0
"E22","U11",0,0
"E22","U12",0,0
"E22","U13",0,0
"E22","U14",0,0
"E22","U15",0,0
"E22","U16",0,0
"E22","U17",0,0
"E22","U18",0,0
"E22","U19",0,0
"E22","U2",0,0
"E22","U20",0,0
"E22","U21",0,0
"E22","U22",.0148541,771
"E22","U3",0,0
"E22","U4",0,0
"E22","U5",0,0
"E22","U6",0,0
"E22","U7",0,0
"E22","U8",0,0
"E22","U9",0,0
"E3","Enew1",.0117895,329
"E3","Enew10",.0017681,49
"E3","Enew11",.0003602,10
"E3","Enew12",.0008635,24
"E3","Enew13",.0009037,25
"E3","Enew14",.000506,14
"E3","Enew15",.0006188,17
"E3","Enew16",.0040539,113
"E3","Enew17",.0061403,171
"E3","Enew18",.0001082,3
"E3","Enew19",.0011371,32
"E3","Enew2",.005459,152
"E3","Enew20",.0021877,61
"E3","Enew21",.0018314,51
"E3","Enew22",.0015542,43
"E3","Enew3",.0676027,1881
"E3","Enew4",.0040233,112
"E3","Enew5",.0009335,26
"E3","Enew6",.0005718,16
"E3","Enew7",.0005027,14
"E3","Enew8",.0018786,52
"E3","Enew9",.0021489,60
"E3","Esame1",0,0
"E3","Esame10",0,0
"E3","Esame11",0,0
"E3","Esame12",0,0
"E3","Esame13",0,0
"E3","Esame14",0,0
"E3","Esame15",0,0
"E3","Esame16",0,0
"E3","Esame17",0,0
"E3","Esame18",0,0
"E3","Esame19",0,0
"E3","Esame2",0,0
"E3","Esame20",0,0
"E3","Esame21",0,0
"E3","Esame22",0,0
"E3","Esame3",.8778538,24393
"E3","Esame4",0,0
"E3","Esame5",0,0
"E3","Esame6",0,0
"E3","Esame7",0,0
"E3","Esame8",0,0
"E3","Esame9",0,0
"E3","U1",0,0
"E3","U10",0,0
"E3","U11",0,0
"E3","U12",0,0
"E3","U13",0,0
"E3","U14",0,0
"E3","U15",0,0
"E3","U16",0,0
"E3","U17",0,0
"E3","U18",0,0
"E3","U19",0,0
"E3","U2",0,0
"E3","U20",0,0
"E3","U21",0,0
"E3","U22",0,0
"E3","U3",.005203,145
"E3","U4",0,0
"E3","U5",0,0
"E3","U6",0,0
"E3","U7",0,0
"E3","U8",0,0
"E3","U9",0,0
"E4","Enew1",.0093442,176
"E4","Enew10",.0020762,39
"E4","Enew11",.000314,6
"E4","Enew12",.0007965,15
"E4","Enew13",.0005271,10
"E4","Enew14",.0010113,19
"E4","Enew15",.0003143,6
"E4","Enew16",.0035755,67
"E4","Enew17",.0038901,73
"E4","Enew18",.0002121,4
"E4","Enew19",.0033655,63
"E4","Enew2",.0024737,47
"E4","Enew20",.0026148,49
"E4","Enew21",.0040395,76
"E4","Enew22",.002281,43
"E4","Enew3",.0072274,136
"E4","Enew4",.0620241,1165
"E4","Enew5",.0016415,31
"E4","Enew6",.0005807,11
"E4","Enew7",.0005822,11
"E4","Enew8",.0018568,35
"E4","Enew9",.0021299,40
"E4","Esame1",0,0
"E4","Esame10",0,0
"E4","Esame11",0,0
"E4","Esame12",0,0
"E4","Esame13",0,0
"E4","Esame14",0,0
"E4","Esame15",0,0
"E4","Esame16",0,0
"E4","Esame17",0,0
"E4","Esame18",0,0
"E4","Esame19",0,0
"E4","Esame2",0,0
"E4","Esame20",0,0
"E4","Esame21",0,0
"E4","Esame22",0,0
"E4","Esame3",0,0
"E4","Esame4",.8827284,16593
"E4","Esame5",0,0
"E4","Esame6",0,0
"E4","Esame7",0,0
"E4","Esame8",0,0
"E4","Esame9",0,0
"E4","U1",0,0
"E4","U10",0,0
"E4","U11",0,0
"E4","U12",0,0
"E4","U13",0,0
"E4","U14",0,0
"E4","U15",0,0
"E4","U16",0,0
"E4","U17",0,0
"E4","U18",0,0
"E4","U19",0,0
"E4","U2",0,0
"E4","U20",0,0
"E4","U21",0,0
"E4","U22",0,0
"E4","U3",0,0
"E4","U4",.0043933,83
"E4","U5",0,0
"E4","U6",0,0
"E4","U7",0,0
"E4","U8",0,0
"E4","U9",0,0
"E5","Enew1",.0071591,67
"E5","Enew10",.0046097,43
"E5","Enew11",.0003108,3
"E5","Enew12",.0005488,5
"E5","Enew13",.0008597,8
"E5","Enew14",.0009651,9
"E5","Enew15",.0006575,6
"E5","Enew16",.0020585,19
"E5","Enew17",.0043112,40
"E5","Enew18",.0007551,7
"E5","Enew19",.0013018,12
"E5","Enew2",.0035652,33
"E5","Enew20",.0006498,6
"E5","Enew21",.0024517,23
"E5","Enew22",.0006449,6
"E5","Enew3",.0043919,41
"E5","Enew4",.0027832,26
"E5","Enew5",.0399948,372
"E5","Enew6",.0020397,19
"E5","Enew7",.0004149,4
"E5","Enew8",.0052989,49
"E5","Enew9",.0010969,10
"E5","Esame1",0,0
"E5","Esame10",0,0
"E5","Esame11",0,0
"E5","Esame12",0,0
"E5","Esame13",0,0
"E5","Esame14",0,0
"E5","Esame15",0,0
"E5","Esame16",0,0
"E5","Esame17",0,0
"E5","Esame18",0,0
"E5","Esame19",0,0
"E5","Esame2",0,0
"E5","Esame20",0,0
"E5","Esame21",0,0
"E5","Esame22",0,0
"E5","Esame3",0,0
"E5","Esame4",0,0
"E5","Esame5",.9082321,8447
"E5","Esame6",0,0
"E5","Esame7",0,0
"E5","Esame8",0,0
"E5","Esame9",0,0
"E5","U1",0,0
"E5","U10",0,0
"E5","U11",0,0
"E5","U12",0,0
"E5","U13",0,0
"E5","U14",0,0
"E5","U15",0,0
"E5","U16",0,0
"E5","U17",0,0
"E5","U18",0,0
"E5","U19",0,0
"E5","U2",0,0
"E5","U20",0,0
"E5","U21",0,0
"E5","U22",0,0
"E5","U3",0,0
"E5","U4",0,0
"E5","U5",.0048991,46
"E5","U6",0,0
"E5","U7",0,0
"E5","U8",0,0
"E5","U9",0,0
"E6","Enew1",.0081556,127
"E6","Enew10",.0049587,77
"E6","Enew11",.0008996,14
"E6","Enew12",.0010809,17
"E6","Enew13",.0011049,17
"E6","Enew14",.0006478,10
"E6","Enew15",.0026609,41
"E6","Enew16",.0027673,43
"E6","Enew17",.0062112,97
"E6","Enew18",.0000663,1
"E6","Enew19",.0005754,9
"E6","Enew2",.0039563,62
"E6","Enew20",.0003248,5
"E6","Enew21",.0010945,17
"E6","Enew22",.0011031,17
"E6","Enew3",.0010876,17
"E6","Enew4",.0005752,9
"E6","Enew5",.0008432,13
"E6","Enew6",.0471832,733
"E6","Enew7",.0005643,9
"E6","Enew8",.0054736,85
"E6","Enew9",.001288,20
"E6","Esame1",0,0
"E6","Esame10",0,0
"E6","Esame11",0,0
"E6","Esame12",0,0
"E6","Esame13",0,0
"E6","Esame14",0,0
"E6","Esame15",0,0
"E6","Esame16",0,0
"E6","Esame17",0,0
"E6","Esame18",0,0
"E6","Esame19",0,0
"E6","Esame2",0,0
"E6","Esame20",0,0
"E6","Esame21",0,0
"E6","Esame22",0,0
"E6","Esame3",0,0
"E6","Esame4",0,0
"E6","Esame5",0,0
"E6","Esame6",.9027222,14013
"E6","Esame7",0,0
"E6","Esame8",0,0
"E6","Esame9",0,0
"E6","U1",0,0
"E6","U10",0,0
"E6","U11",0,0
"E6","U12",0,0
"E6","U13",0,0
"E6","U14",0,0
"E6","U15",0,0
"E6","U16",0,0
"E6","U17",0,0
"E6","U18",0,0
"E6","U19",0,0
"E6","U2",0,0
"E6","U20",0,0
"E6","U21",0,0
"E6","U22",0,0
"E6","U3",0,0
"E6","U4",0,0
"E6","U5",0,0
"E6","U6",.0046558,72
"E6","U7",0,0
"E6","U8",0,0
"E6","U9",0,0
"E7","Enew1",.0052879,58
"E7","Enew10",.0032218,35
"E7","Enew11",.0008196,9
"E7","Enew12",.0007331,8
"E7","Enew13",.000566,6
"E7","Enew14",.0004612,5
"E7","Enew15",.0003609,4
"E7","Enew16",.0020988,23
"E7","Enew17",.009212,100
"E7","Enew18",0,0
"E7","Enew19",.000465,5
"E7","Enew2",.0041583,46
"E7","Enew20",.0008087,9
"E7","Enew21",.0006358,7
"E7","Enew22",.0007188,8
"E7","Enew3",.0009834,11
"E7","Enew4",.0008962,10
"E7","Enew5",.0004629,5
"E7","Enew6",.0012609,14
"E7","Enew7",.0718457,785
"E7","Enew8",.0020514,23
"E7","Enew9",.0010252,11
"E7","Esame1",0,0
"E7","Esame10",0,0
"E7","Esame11",0,0
"E7","Esame12",0,0
"E7","Esame13",0,0
"E7","Esame14",0,0
"E7","Esame15",0,0
"E7","Esame16",0,0
"E7","Esame17",0,0
"E7","Esame18",0,0
"E7","Esame19",0,0
"E7","Esame2",0,0
"E7","Esame20",0,0
"E7","Esame21",0,0
"E7","Esame22",0,0
"E7","Esame3",0,0
"E7","Esame4",0,0
"E7","Esame5",0,0
"E7","Esame6",0,0
"E7","Esame7",.8891796,9690
"E7","Esame8",0,0
"E7","Esame9",0,0
"E7","U1",0,0
"E7","U10",0,0
"E7","U11",0,0
"E7","U12",0,0
"E7","U13",0,0
"E7","U14",0,0
"E7","U15",0,0
"E7","U16",0,0
"E7","U17",0,0
"E7","U18",0,0
"E7","U19",0,0
"E7","U2",0,0
"E7","U20",0,0
"E7","U21",0,0
"E7","U22",0,0
"E7","U3",0,0
"E7","U4",0,0
"E7","U5",0,0
"E7","U6",0,0
"E7","U7",.0027469,30
"E7","U8",0,0
"E7","U9",0,0
"E8","Enew1",.0039725,214
"E8","Enew10",.0024731,134
"E8","Enew11",.00079,43
"E8","Enew12",.0003493,19
"E8","Enew13",.0017251,92
"E8","Enew14",.0004441,24
"E8","Enew15",.0027023,146
"E8","Enew16",.0028821,158
"E8","Enew17",.0045929,253
"E8","Enew18",.0001219,7
"E8","Enew19",.0003112,16
"E8","Enew2",.0022193,121
"E8","Enew20",.0002702,15
"E8","Enew21",.0008873,48
"E8","Enew22",.0007527,41
"E8","Enew3",.0011757,63
"E8","Enew4",.0005383,30
"E8","Enew5",.0009497,51
"E8","Enew6",.0015423,85
"E8","Enew7",.0005317,29
"E8","Enew8",.0535813,2924
"E8","Enew9",.001307,71
"E8","Esame1",0,0
"E8","Esame10",0,0
"E8","Esame11",0,0
"E8","Esame12",0,0
"E8","Esame13",0,0
"E8","Esame14",0,0
"E8","Esame15",0,0
"E8","Esame16",0,0
"E8","Esame17",0,0
"E8","Esame18",0,0
"E8","Esame19",0,0
"E8","Esame2",0,0
"E8","Esame20",0,0
"E8","Esame21",0,0
"E8","Esame22",0,0
"E8","Esame3",0,0
"E8","Esame4",0,0
"E8","Esame5",0,0
"E8","Esame6",0,0
"E8","Esame7",0,0
"E8","Esame8",.9052637,49632
"E8","Esame9",0,0
"E8","U1",0,0
"E8","U10",0,0
"E8","U11",0,0
"E8","U12",0,0
"E8","U13",0,0
"E8","U14",0,0
"E8","U15",0,0
"E8","U16",0,0
"E8","U17",0,0
"E8","U18",0,0
"E8","U19",0,0
"E8","U2",0,0
"E8","U20",0,0
"E8","U21",0,0
"E8","U22",0,0
"E8","U3",0,0
"E8","U4",0,0
"E8","U5",0,0
"E8","U6",0,0
"E8","U7",0,0
"E8","U8",.0106162,551
"E8","U9",0,0
"E9","Enew1",.0081191,147
"E9","Enew10",.0015475,28
"E9","Enew11",.000833,15
"E9","Enew12",.0008455,15
"E9","Enew13",.0017758,32
"E9","Enew14",.0006631,12
"E9","Enew15",.0027311,49
"E9","Enew16",.0066081,119
"E9","Enew17",.0071975,131
"E9","Enew18",.0001111,2
"E9","Enew19",.0015446,28
"E9","Enew2",.0037858,68
"E9","Enew20",.0011675,21
"E9","Enew21",.002543,46
"E9","Enew22",.0022891,41
"E9","Enew3",.0027237,49
"E9","Enew4",.0033367,60
"E9","Enew5",.0005557,10
"E9","Enew6",.0011701,21
"E9","Enew7",.0006793,12
"E9","Enew8",.0043349,78
"E9","Enew9",.0669223,1208
"E9","Esame1",0,0
"E9","Esame10",0,0
"E9","Esame11",0,0
"E9","Esame12",0,0
"E9","Esame13",0,0
"E9","Esame14",0,0
"E9","Esame15",0,0
"E9","Esame16",0,0
"E9","Esame17",0,0
"E9","Esame18",0,0
"E9","Esame19",0,0
"E9","Esame2",0,0
"E9","Esame20",0,0
"E9","Esame21",0,0
"E9","Esame22",0,0
"E9","Esame3",0,0
"E9","Esame4",0,0
"E9","Esame5",0,0
"E9","Esame6",0,0
"E9","Esame7",0,0
"E9","Esame8",0,0
"E9","Esame9",.865597,15611
"E9","U1",0,0
"E9","U10",0,0
"E9","U11",0,0
"E9","U12",0,0
"E9","U13",0,0
"E9","U14",0,0
"E9","U15",0,0
"E9","U16",0,0
"E9","U17",0,0
"E9","U18",0,0
"E9","U19",0,0
"E9","U2",0,0
"E9","U20",0,0
"E9","U21",0,0
"E9","U22",0,0
"E9","U3",0,0
"E9","U4",0,0
"E9","U5",0,0
"E9","U6",0,0
"E9","U7",0,0
"E9","U8",0,0
"E9","U9",.0129186,233
"U1","Enew1",.1005866,151
"U1","Enew10",.0112914,17
"U1","Enew11",.0015263,2
"U1","Enew12",.0027584,4
"U1","Enew13",.0158893,23
"U1","Enew14",.0108225,15
"U1","Enew15",.0087707,13
"U1","Enew16",.0265234,38
"U1","Enew17",.0340205,51
"U1","Enew18",.0033124,5
"U1","Enew19",.0129503,20
"U1","Enew2",.0267188,40
"U1","Enew20",.0009058,1
"U1","Enew21",.0119126,18
"U1","Enew22",.0110044,17
"U1","Enew3",.0071038,11
"U1","Enew4",.0006901,1
"U1","Enew5",.001573,2
"U1","Enew6",.0031282,5
"U1","Enew7",.0004941,1
"U1","Enew8",.009479,15
"U1","Enew9",.0110562,17
"U1","Esame1",0,0
"U1","Esame10",0,0
"U1","Esame11",0,0
"U1","Esame12",0,0
"U1","Esame13",0,0
"U1","Esame14",0,0
"U1","Esame15",0,0
"U1","Esame16",0,0
"U1","Esame17",0,0
"U1","Esame18",0,0
"U1","Esame19",0,0
"U1","Esame2",0,0
"U1","Esame20",0,0
"U1","Esame21",0,0
"U1","Esame22",0,0
"U1","Esame3",0,0
"U1","Esame4",0,0
"U1","Esame5",0,0
"U1","Esame6",0,0
"U1","Esame7",0,0
"U1","Esame8",0,0
"U1","Esame9",0,0
"U1","U1",.6874822,1030
"U1","U10",0,0
"U1","U11",0,0
"U1","U12",0,0
"U1","U13",0,0
"U1","U14",0,0
"U1","U15",0,0
"U1","U16",0,0
"U1","U17",0,0
"U1","U18",0,0
"U1","U19",0,0
"U1","U2",0,0
"U1","U20",0,0
"U1","U21",0,0
"U1","U22",0,0
"U1","U3",0,0
"U1","U4",0,0
"U1","U5",0,0
"U1","U6",0,0
"U1","U7",0,0
"U1","U8",0,0
"U1","U9",0,0
"U10","Enew1",.0125558,8
"U10","Enew10",.2461839,147
"U10","Enew11",.0224941,13
"U10","Enew12",0,0
"U10","Enew13",.0057195,3
"U10","Enew14",.0073168,5
"U10","Enew15",.0197927,12
"U10","Enew16",.021987,14
"U10","Enew17",.0313782,18
"U10","Enew18",.0018904,1
"U10","Enew19",.0014493,1
"U10","Enew2",.0055265,4
"U10","Enew20",0,0
"U10","Enew21",.0030904,2
"U10","Enew22",.0106694,7
"U10","Enew3",.0055596,4
"U10","Enew4",.0012422,1
"U10","Enew5",0,0
"U10","Enew6",.0026375,2
"U10","Enew7",.0049453,3
"U10","Enew8",.0193448,12
"U10","Enew9",.0038647,2
"U10","Esame1",0,0
"U10","Esame10",0,0
"U10","Esame11",0,0
"U10","Esame12",0,0
"U10","Esame13",0,0
"U10","Esame14",0,0
"U10","Esame15",0,0
"U10","Esame16",0,0
"U10","Esame17",0,0
"U10","Esame18",0,0
"U10","Esame19",0,0
"U10","Esame2",0,0
"U10","Esame20",0,0
"U10","Esame21",0,0
"U10","Esame22",0,0
"U10","Esame3",0,0
"U10","Esame4",0,0
"U10","Esame5",0,0
"U10","Esame6",0,0
"U10","Esame7",0,0
"U10","Esame8",0,0
"U10","Esame9",0,0
"U10","U1",0,0
"U10","U10",.5723519,347
"U10","U11",0,0
"U10","U12",0,0
"U10","U13",0,0
"U10","U14",0,0
"U10","U15",0,0
"U10","U16",0,0
"U10","U17",0,0
"U10","U18",0,0
"U10","U19",0,0
"U10","U2",0,0
"U10","U20",0,0
"U10","U21",0,0
"U10","U22",0,0
"U10","U3",0,0
"U10","U4",0,0
"U10","U5",0,0
"U10","U6",0,0
"U10","U7",0,0
"U10","U8",0,0
"U10","U9",0,0
"U11","Enew1",.005907,4
"U11","Enew10",.026973,15
"U11","Enew11",.1445158,85
"U11","Enew12",0,0
"U11","Enew13",.0319698,19
"U11","Enew14",.0139485,9
"U11","Enew15",.0357935,18
"U11","Enew16",.0269266,15
"U11","Enew17",.0388482,24
"U11","Enew18",.0057074,3
"U11","Enew19",.0013587,1
"U11","Enew2",.0018904,1
"U11","Enew20",0,0
"U11","Enew21",.0051935,3
"U11","Enew22",.0113669,6
"U11","Enew3",.0066752,3
"U11","Enew4",0,0
"U11","Enew5",0,0
"U11","Enew6",.0031715,2
"U11","Enew7",0,0
"U11","Enew8",.0032919,2
"U11","Enew9",.0100606,6
"U11","Esame1",0,0
"U11","Esame10",0,0
"U11","Esame11",0,0
"U11","Esame12",0,0
"U11","Esame13",0,0
"U11","Esame14",0,0
"U11","Esame15",0,0
"U11","Esame16",0,0
"U11","Esame17",0,0
"U11","Esame18",0,0
"U11","Esame19",0,0
"U11","Esame2",0,0
"U11","Esame20",0,0
"U11","Esame21",0,0
"U11","Esame22",0,0
"U11","Esame3",0,0
"U11","Esame4",0,0
"U11","Esame5",0,0
"U11","Esame6",0,0
"U11","Esame7",0,0
"U11","Esame8",0,0
"U11","Esame9",0,0
"U11","U1",0,0
"U11","U10",0,0
"U11","U11",.6264016,377
"U11","U12",0,0
"U11","U13",0,0
"U11","U14",0,0
"U11","U15",0,0
"U11","U16",0,0
"U11","U17",0,0
"U11","U18",0,0
"U11","U19",0,0
"U11","U2",0,0
"U11","U20",0,0
"U11","U21",0,0
"U11","U22",0,0
"U11","U3",0,0
"U11","U4",0,0
"U11","U5",0,0
"U11","U6",0,0
"U11","U7",0,0
"U11","U8",0,0
"U11","U9",0,0
"U12","Enew1",.0086167,4
"U12","Enew10",.0025575,1
"U12","Enew11",.0028986,1
"U12","Enew12",.1662995,75
"U12","Enew13",.0323493,10
"U12","Enew14",.0203758,9
"U12","Enew15",.0140097,6
"U12","Enew16",.0313662,15
"U12","Enew17",.0279571,13
"U12","Enew18",.0043691,2
"U12","Enew19",.0160299,7
"U12","Enew2",.0049689,2
"U12","Enew20",0,0
"U12","Enew21",.0218885,5
"U12","Enew22",.0166023,8
"U12","Enew3",0,0
"U12","Enew4",.0027174,1
"U12","Enew5",.0034219,2
"U12","Enew6",0,0
"U12","Enew7",0,0
"U12","Enew8",.00667,2
"U12","Enew9",.0018116,1
"U12","Esame1",0,0
"U12","Esame10",0,0
"U12","Esame11",0,0
"U12","Esame12",0,0
"U12","Esame13",0,0
"U12","Esame14",0,0
"U12","Esame15",0,0
"U12","Esame16",0,0
"U12","Esame17",0,0
"U12","Esame18",0,0
"U12","Esame19",0,0
"U12","Esame2",0,0
"U12","Esame20",0,0
"U12","Esame21",0,0
"U12","Esame22",0,0
"U12","Esame3",0,0
"U12","Esame4",0,0
"U12","Esame5",0,0
"U12","Esame6",0,0
"U12","Esame7",0,0
"U12","Esame8",0,0
"U12","Esame9",0,0
"U12","U1",0,0
"U12","U10",0,0
"U12","U11",0,0
"U12","U12",.6150901,269
"U12","U13",0,0
"U12","U14",0,0
"U12","U15",0,0
"U12","U16",0,0
"U12","U17",0,0
"U12","U18",0,0
"U12","U19",0,0
"U12","U2",0,0
"U12","U20",0,0
"U12","U21",0,0
"U12","U22",0,0
"U12","U3",0,0
"U12","U4",0,0
"U12","U5",0,0
"U12","U6",0,0
"U12","U7",0,0
"U12","U8",0,0
"U12","U9",0,0
"U13","Enew1",.006987,16
"U13","Enew10",.0027298,7
"U13","Enew11",.0065064,15
"U13","Enew12",.0048509,12
"U13","Enew13",.1895709,443
"U13","Enew14",.0167509,39
"U13","Enew15",.0116143,29
"U13","Enew16",.0454039,102
"U13","Enew17",.031029,71
"U13","Enew18",.0007825,2
"U13","Enew19",.0171681,40
"U13","Enew2",.0050861,12
"U13","Enew20",.0040868,9
"U13","Enew21",.0197611,46
"U13","Enew22",.0216548,51
"U13","Enew3",.0008867,2
"U13","Enew4",0,0
"U13","Enew5",.0004577,1
"U13","Enew6",.0012402,3
"U13","Enew7",.0016787,4
"U13","Enew8",.0039359,10
"U13","Enew9",.0008459,2
"U13","Esame1",0,0
"U13","Esame10",0,0
"U13","Esame11",0,0
"U13","Esame12",0,0
"U13","Esame13",0,0
"U13","Esame14",0,0
"U13","Esame15",0,0
"U13","Esame16",0,0
"U13","Esame17",0,0
"U13","Esame18",0,0
"U13","Esame19",0,0
"U13","Esame2",0,0
"U13","Esame20",0,0
"U13","Esame21",0,0
"U13","Esame22",0,0
"U13","Esame3",0,0
"U13","Esame4",0,0
"U13","Esame5",0,0
"U13","Esame6",0,0
"U13","Esame7",0,0
"U13","Esame8",0,0
"U13","Esame9",0,0
"U13","U1",0,0
"U13","U10",0,0
"U13","U11",0,0
"U13","U12",0,0
"U13","U13",.6069723,1399
"U13","U14",0,0
"U13","U15",0,0
"U13","U16",0,0
"U13","U17",0,0
"U13","U18",0,0
"U13","U19",0,0
"U13","U2",0,0
"U13","U20",0,0
"U13","U21",0,0
"U13","U22",0,0
"U13","U3",0,0
"U13","U4",0,0
"U13","U5",0,0
"U13","U6",0,0
"U13","U7",0,0
"U13","U8",0,0
"U13","U9",0,0
"U14","Enew1",.0045314,8
"U14","Enew10",.0023632,4
"U14","Enew11",.0051173,9
"U14","Enew12",.0050361,8
"U14","Enew13",.0190617,28
"U14","Enew14",.1729431,264
"U14","Enew15",.0143399,22
"U14","Enew16",.0137102,21
"U14","Enew17",.0204087,30
"U14","Enew18",.0094099,14
"U14","Enew19",.0321716,48
"U14","Enew2",.0011495,2
"U14","Enew20",.0039934,6
"U14","Enew21",.0140421,21
"U14","Enew22",.0309328,44
"U14","Enew3",.0004305,1
"U14","Enew4",.0004305,1
"U14","Enew5",.0007496,1
"U14","Enew6",.0008361,1
"U14","Enew7",0,0
"U14","Enew8",.0054354,7
"U14","Enew9",.0018508,3
"U14","Esame1",0,0
"U14","Esame10",0,0
"U14","Esame11",0,0
"U14","Esame12",0,0
"U14","Esame13",0,0
"U14","Esame14",0,0
"U14","Esame15",0,0
"U14","Esame16",0,0
"U14","Esame17",0,0
"U14","Esame18",0,0
"U14","Esame19",0,0
"U14","Esame2",0,0
"U14","Esame20",0,0
"U14","Esame21",0,0
"U14","Esame22",0,0
"U14","Esame3",0,0
"U14","Esame4",0,0
"U14","Esame5",0,0
"U14","Esame6",0,0
"U14","Esame7",0,0
"U14","Esame8",0,0
"U14","Esame9",0,0
"U14","U1",0,0
"U14","U10",0,0
"U14","U11",0,0
"U14","U12",0,0
"U14","U13",0,0
"U14","U14",.6410562,957
"U14","U15",0,0
"U14","U16",0,0
"U14","U17",0,0
"U14","U18",0,0
"U14","U19",0,0
"U14","U2",0,0
"U14","U20",0,0
"U14","U21",0,0
"U14","U22",0,0
"U14","U3",0,0
"U14","U4",0,0
"U14","U5",0,0
"U14","U6",0,0
"U14","U7",0,0
"U14","U8",0,0
"U14","U9",0,0
"U15","Enew1",.0075543,9
"U15","Enew10",.0028227,3
"U15","Enew11",.0204663,23
"U15","Enew12",.0059185,7
"U15","Enew13",.0342349,42
"U15","Enew14",.0195882,24
"U15","Enew15",.1495393,173
"U15","Enew16",.0296827,33
"U15","Enew17",.0317816,36
"U15","Enew18",.0049851,6
"U15","Enew19",.0081124,10
"U15","Enew2",.0024243,3
"U15","Enew20",.0010604,1
"U15","Enew21",.0073454,8
"U15","Enew22",.0131907,16
"U15","Enew3",.0017302,2
"U15","Enew4",.0016698,2
"U15","Enew5",.0021989,2
"U15","Enew6",.0085315,10
"U15","Enew7",0,0
"U15","Enew8",.0150137,18
"U15","Enew9",.0047136,5
"U15","Esame1",0,0
"U15","Esame10",0,0
"U15","Esame11",0,0
"U15","Esame12",0,0
"U15","Esame13",0,0
"U15","Esame14",0,0
"U15","Esame15",0,0
"U15","Esame16",0,0
"U15","Esame17",0,0
"U15","Esame18",0,0
"U15","Esame19",0,0
"U15","Esame2",0,0
"U15","Esame20",0,0
"U15","Esame21",0,0
"U15","Esame22",0,0
"U15","Esame3",0,0
"U15","Esame4",0,0
"U15","Esame5",0,0
"U15","Esame6",0,0
"U15","Esame7",0,0
"U15","Esame8",0,0
"U15","Esame9",0,0
"U15","U1",0,0
"U15","U10",0,0
"U15","U11",0,0
"U15","U12",0,0
"U15","U13",0,0
"U15","U14",0,0
"U15","U15",.6274355,726
"U15","U16",0,0
"U15","U17",0,0
"U15","U18",0,0
"U15","U19",0,0
"U15","U2",0,0
"U15","U20",0,0
"U15","U21",0,0
"U15","U22",0,0
"U15","U3",0,0
"U15","U4",0,0
"U15","U5",0,0
"U15","U6",0,0
"U15","U7",0,0
"U15","U8",0,0
"U15","U9",0,0
"U16","Enew1",.0136765,39
"U16","Enew10",.0058286,16
"U16","Enew11",.0078029,22
"U16","Enew12",.0038481,11
"U16","Enew13",.0268655,77
"U16","Enew14",.0133112,37
"U16","Enew15",.0174862,49
"U16","Enew16",.1396284,392
"U16","Enew17",.0458293,129
"U16","Enew18",.0003451,1
"U16","Enew19",.00865,25
"U16","Enew2",.0102378,29
"U16","Enew20",.002418,7
"U16","Enew21",.0118779,33
"U16","Enew22",.0241977,68
"U16","Enew3",.0027173,8
"U16","Enew4",.0003451,1
"U16","Enew5",.0003781,1
"U16","Enew6",.0021842,6
"U16","Enew7",.0013664,4
"U16","Enew8",.0083247,23
"U16","Enew9",.0039055,11
"U16","Esame1",0,0
"U16","Esame10",0,0
"U16","Esame11",0,0
"U16","Esame12",0,0
"U16","Esame13",0,0
"U16","Esame14",0,0
"U16","Esame15",0,0
"U16","Esame16",0,0
"U16","Esame17",0,0
"U16","Esame18",0,0
"U16","Esame19",0,0
"U16","Esame2",0,0
"U16","Esame20",0,0
"U16","Esame21",0,0
"U16","Esame22",0,0
"U16","Esame3",0,0
"U16","Esame4",0,0
"U16","Esame5",0,0
"U16","Esame6",0,0
"U16","Esame7",0,0
"U16","Esame8",0,0
"U16","Esame9",0,0
"U16","U1",0,0
"U16","U10",0,0
"U16","U11",0,0
"U16","U12",0,0
"U16","U13",0,0
"U16","U14",0,0
"U16","U15",0,0
"U16","U16",.6487757,1820
"U16","U17",0,0
"U16","U18",0,0
"U16","U19",0,0
"U16","U2",0,0
"U16","U20",0,0
"U16","U21",0,0
"U16","U22",0,0
"U16","U3",0,0
"U16","U4",0,0
"U16","U5",0,0
"U16","U6",0,0
"U16","U7",0,0
"U16","U8",0,0
"U16","U9",0,0
"U17","Enew1",.0104575,31
"U17","Enew10",.0076093,21
"U17","Enew11",.0077322,22
"U17","Enew12",.0027783,8
"U17","Enew13",.0291537,85
"U17","Enew14",.0123257,36
"U17","Enew15",.0108602,31
"U17","Enew16",.0409608,120
"U17","Enew17",.1200084,344
"U17","Enew18",.0022271,6
"U17","Enew19",.0050177,15
"U17","Enew2",.0137131,40
"U17","Enew20",.0041655,12
"U17","Enew21",.0149735,43
"U17","Enew22",.0240667,69
"U17","Enew3",.0036294,11
"U17","Enew4",.0006742,2
"U17","Enew5",.0006775,2
"U17","Enew6",.0023642,7
"U17","Enew7",.0030841,9
"U17","Enew8",.0077853,22
"U17","Enew9",.0060278,18
"U17","Esame1",0,0
"U17","Esame10",0,0
"U17","Esame11",0,0
"U17","Esame12",0,0
"U17","Esame13",0,0
"U17","Esame14",0,0
"U17","Esame15",0,0
"U17","Esame16",0,0
"U17","Esame17",0,0
"U17","Esame18",0,0
"U17","Esame19",0,0
"U17","Esame2",0,0
"U17","Esame20",0,0
"U17","Esame21",0,0
"U17","Esame22",0,0
"U17","Esame3",0,0
"U17","Esame4",0,0
"U17","Esame5",0,0
"U17","Esame6",0,0
"U17","Esame7",0,0
"U17","Esame8",0,0
"U17","Esame9",0,0
"U17","U1",0,0
"U17","U10",0,0
"U17","U11",0,0
"U17","U12",0,0
"U17","U13",0,0
"U17","U14",0,0
"U17","U15",0,0
"U17","U16",0,0
"U17","U17",.6697077,1957
"U17","U18",0,0
"U17","U19",0,0
"U17","U2",0,0
"U17","U20",0,0
"U17","U21",0,0
"U17","U22",0,0
"U17","U3",0,0
"U17","U4",0,0
"U17","U5",0,0
"U17","U6",0,0
"U17","U7",0,0
"U17","U8",0,0
"U17","U9",0,0
"U18","Enew1",.0111292,7
"U18","Enew10",.0024155,1
"U18","Enew11",.0011148,1
"U18","Enew12",.0045767,2
"U18","Enew13",.0093025,5
"U18","Enew14",.0146264,8
"U18","Enew15",.0167087,8
"U18","Enew16",.0078684,4
"U18","Enew17",.0200566,10
"U18","Enew18",.2009911,97
"U18","Enew19",.0325115,15
"U18","Enew2",0,0
"U18","Enew20",0,0
"U18","Enew21",.0165911,8
"U18","Enew22",.0554017,27
"U18","Enew3",0,0
"U18","Enew4",0,0
"U18","Enew5",.0031326,2
"U18","Enew6",0,0
"U18","Enew7",0,0
"U18","Enew8",.005176,2
"U18","Enew9",.0025575,1
"U18","Esame1",0,0
"U18","Esame10",0,0
"U18","Esame11",0,0
"U18","Esame12",0,0
"U18","Esame13",0,0
"U18","Esame14",0,0
"U18","Esame15",0,0
"U18","Esame16",0,0
"U18","Esame17",0,0
"U18","Esame18",0,0
"U18","Esame19",0,0
"U18","Esame2",0,0
"U18","Esame20",0,0
"U18","Esame21",0,0
"U18","Esame22",0,0
"U18","Esame3",0,0
"U18","Esame4",0,0
"U18","Esame5",0,0
"U18","Esame6",0,0
"U18","Esame7",0,0
"U18","Esame8",0,0
"U18","Esame9",0,0
"U18","U1",0,0
"U18","U10",0,0
"U18","U11",0,0
"U18","U12",0,0
"U18","U13",0,0
"U18","U14",0,0
"U18","U15",0,0
"U18","U16",0,0
"U18","U17",0,0
"U18","U18",.5958397,284
"U18","U19",0,0
"U18","U2",0,0
"U18","U20",0,0
"U18","U21",0,0
"U18","U22",0,0
"U18","U3",0,0
"U18","U4",0,0
"U18","U5",0,0
"U18","U6",0,0
"U18","U7",0,0
"U18","U8",0,0
"U18","U9",0,0
"U19","Enew1",.0102009,26
"U19","Enew10",.0015622,4
"U19","Enew11",.0010159,3
"U19","Enew12",.0038867,9
"U19","Enew13",.0132452,36
"U19","Enew14",.0253719,68
"U19","Enew15",.0026491,8
"U19","Enew16",.0077686,17
"U19","Enew17",.0094131,27
"U19","Enew18",.0040409,14
"U19","Enew19",.2625073,748
"U19","Enew2",.0006905,2
"U19","Enew20",.0189565,47
"U19","Enew21",.0188456,54
"U19","Enew22",.0301439,79
"U19","Enew3",.0012805,4
"U19","Enew4",.0008652,3
"U19","Enew5",.0012913,4
"U19","Enew6",.0004392,1
"U19","Enew7",0,0
"U19","Enew8",.0006479,2
"U19","Enew9",.0007287,2
"U19","Esame1",0,0
"U19","Esame10",0,0
"U19","Esame11",0,0
"U19","Esame12",0,0
"U19","Esame13",0,0
"U19","Esame14",0,0
"U19","Esame15",0,0
"U19","Esame16",0,0
"U19","Esame17",0,0
"U19","Esame18",0,0
"U19","Esame19",0,0
"U19","Esame2",0,0
"U19","Esame20",0,0
"U19","Esame21",0,0
"U19","Esame22",0,0
"U19","Esame3",0,0
"U19","Esame4",0,0
"U19","Esame5",0,0
"U19","Esame6",0,0
"U19","Esame7",0,0
"U19","Esame8",0,0
"U19","Esame9",0,0
"U19","U1",0,0
"U19","U10",0,0
"U19","U11",0,0
"U19","U12",0,0
"U19","U13",0,0
"U19","U14",0,0
"U19","U15",0,0
"U19","U16",0,0
"U19","U17",0,0
"U19","U18",0,0
"U19","U19",.5844489,1654
"U19","U2",0,0
"U19","U20",0,0
"U19","U21",0,0
"U19","U22",0,0
"U19","U3",0,0
"U19","U4",0,0
"U19","U5",0,0
"U19","U6",0,0
"U19","U7",0,0
"U19","U8",0,0
"U19","U9",0,0
"U2","Enew1",.0221399,19
"U2","Enew10",.0142564,12
"U2","Enew11",0,0
"U2","Enew12",.0025963,2
"U2","Enew13",.008179,7
"U2","Enew14",.0034836,3
"U2","Enew15",.0057323,5
"U2","Enew16",.0277225,24
"U2","Enew17",.0553793,48
"U2","Enew18",.0016722,1
"U2","Enew19",.0039801,3
"U2","Enew2",.1045621,90
"U2","Enew20",.0010604,1
"U2","Enew21",.0075572,6
"U2","Enew22",.0062252,5
"U2","Enew3",.014995,12
"U2","Enew4",.003239,3
"U2","Enew5",.0039443,3
"U2","Enew6",.0032476,3
"U2","Enew7",.0020704,2
"U2","Enew8",.0064453,5
"U2","Enew9",.0080985,8
"U2","Esame1",0,0
"U2","Esame10",0,0
"U2","Esame11",0,0
"U2","Esame12",0,0
"U2","Esame13",0,0
"U2","Esame14",0,0
"U2","Esame15",0,0
"U2","Esame16",0,0
"U2","Esame17",0,0
"U2","Esame18",0,0
"U2","Esame19",0,0
"U2","Esame2",0,0
"U2","Esame20",0,0
"U2","Esame21",0,0
"U2","Esame22",0,0
"U2","Esame3",0,0
"U2","Esame4",0,0
"U2","Esame5",0,0
"U2","Esame6",0,0
"U2","Esame7",0,0
"U2","Esame8",0,0
"U2","Esame9",0,0
"U2","U1",0,0
"U2","U10",0,0
"U2","U11",0,0
"U2","U12",0,0
"U2","U13",0,0
"U2","U14",0,0
"U2","U15",0,0
"U2","U16",0,0
"U2","U17",0,0
"U2","U18",0,0
"U2","U19",0,0
"U2","U2",.6934131,584
"U2","U20",0,0
"U2","U21",0,0
"U2","U22",0,0
"U2","U3",0,0
"U2","U4",0,0
"U2","U5",0,0
"U2","U6",0,0
"U2","U7",0,0
"U2","U8",0,0
"U2","U9",0,0
"U20","Enew1",.0098748,6
"U20","Enew10",.0015528,1
"U20","Enew11",0,0
"U20","Enew12",.003052,2
"U20","Enew13",.0164541,11
"U20","Enew14",.0188374,13
"U20","Enew15",.0010604,1
"U20","Enew16",.0170468,11
"U20","Enew17",.0151197,9
"U20","Enew18",.0082651,7
"U20","Enew19",.032828,25
"U20","Enew2",0,0
"U20","Enew20",.1383913,99
"U20","Enew21",.0257265,19
"U20","Enew22",.0372223,24
"U20","Enew3",.0096284,6
"U20","Enew4",.0047626,3
"U20","Enew5",0,0
"U20","Enew6",0,0
"U20","Enew7",0,0
"U20","Enew8",0,0
"U20","Enew9",.0034838,2
"U20","Esame1",0,0
"U20","Esame10",0,0
"U20","Esame11",0,0
"U20","Esame12",0,0
"U20","Esame13",0,0
"U20","Esame14",0,0
"U20","Esame15",0,0
"U20","Esame16",0,0
"U20","Esame17",0,0
"U20","Esame18",0,0
"U20","Esame19",0,0
"U20","Esame2",0,0
"U20","Esame20",0,0
"U20","Esame21",0,0
"U20","Esame22",0,0
"U20","Esame3",0,0
"U20","Esame4",0,0
"U20","Esame5",0,0
"U20","Esame6",0,0
"U20","Esame7",0,0
"U20","Esame8",0,0
"U20","Esame9",0,0
"U20","U1",0,0
"U20","U10",0,0
"U20","U11",0,0
"U20","U12",0,0
"U20","U13",0,0
"U20","U14",0,0
"U20","U15",0,0
"U20","U16",0,0
"U20","U17",0,0
"U20","U18",0,0
"U20","U19",0,0
"U20","U2",0,0
"U20","U20",.6566939,463
"U20","U21",0,0
"U20","U22",0,0
"U20","U3",0,0
"U20","U4",0,0
"U20","U5",0,0
"U20","U6",0,0
"U20","U7",0,0
"U20","U8",0,0
"U20","U9",0,0
"U21","Enew1",.0040031,8
"U21","Enew10",.0011673,2
"U21","Enew11",.0033919,6
"U21","Enew12",.0038901,7
"U21","Enew13",.025164,42
"U21","Enew14",.0202896,38
"U21","Enew15",.0069956,12
"U21","Enew16",.0204047,36
"U21","Enew17",.0264628,45
"U21","Enew18",.0067462,12
"U21","Enew19",.0372378,66
"U21","Enew2",.0043653,7
"U21","Enew20",.0111164,19
"U21","Enew21",.1427331,255
"U21","Enew22",.0465868,82
"U21","Enew3",.0007128,1
"U21","Enew4",0,0
"U21","Enew5",0,0
"U21","Enew6",.0005574,1
"U21","Enew7",.0005875,1
"U21","Enew8",.0027742,5
"U21","Enew9",.0054782,10
"U21","Esame1",0,0
"U21","Esame10",0,0
"U21","Esame11",0,0
"U21","Esame12",0,0
"U21","Esame13",0,0
"U21","Esame14",0,0
"U21","Esame15",0,0
"U21","Esame16",0,0
"U21","Esame17",0,0
"U21","Esame18",0,0
"U21","Esame19",0,0
"U21","Esame2",0,0
"U21","Esame20",0,0
"U21","Esame21",0,0
"U21","Esame22",0,0
"U21","Esame3",0,0
"U21","Esame4",0,0
"U21","Esame5",0,0
"U21","Esame6",0,0
"U21","Esame7",0,0
"U21","Esame8",0,0
"U21","Esame9",0,0
"U21","U1",0,0
"U21","U10",0,0
"U21","U11",0,0
"U21","U12",0,0
"U21","U13",0,0
"U21","U14",0,0
"U21","U15",0,0
"U21","U16",0,0
"U21","U17",0,0
"U21","U18",0,0
"U21","U19",0,0
"U21","U2",0,0
"U21","U20",0,0
"U21","U21",.6293351,1082
"U21","U22",0,0
"U21","U3",0,0
"U21","U4",0,0
"U21","U5",0,0
"U21","U6",0,0
"U21","U7",0,0
"U21","U8",0,0
"U21","U9",0,0
"U22","Enew1",.0057031,14
"U22","Enew10",.0025627,6
"U22","Enew11",.0028516,6
"U22","Enew12",.0044287,11
"U22","Enew13",.026172,63
"U22","Enew14",.0217208,51
"U22","Enew15",.007831,19
"U22","Enew16",.025903,61
"U22","Enew17",.0305268,70
"U22","Enew18",.0100012,23
"U22","Enew19",.030237,72
"U22","Enew2",.0026682,6
"U22","Enew20",.0100608,24
"U22","Enew21",.0234473,56
"U22","Enew22",.1604626,383
"U22","Enew3",.0017835,4
"U22","Enew4",.0009716,2
"U22","Enew5",.0009408,2
"U22","Enew6",.0015223,4
"U22","Enew7",0,0
"U22","Enew8",.0008601,2
"U22","Enew9",.0028331,6
"U22","Esame1",0,0
"U22","Esame10",0,0
"U22","Esame11",0,0
"U22","Esame12",0,0
"U22","Esame13",0,0
"U22","Esame14",0,0
"U22","Esame15",0,0
"U22","Esame16",0,0
"U22","Esame17",0,0
"U22","Esame18",0,0
"U22","Esame19",0,0
"U22","Esame2",0,0
"U22","Esame20",0,0
"U22","Esame21",0,0
"U22","Esame22",0,0
"U22","Esame3",0,0
"U22","Esame4",0,0
"U22","Esame5",0,0
"U22","Esame6",0,0
"U22","Esame7",0,0
"U22","Esame8",0,0
"U22","Esame9",0,0
"U22","U1",0,0
"U22","U10",0,0
"U22","U11",0,0
"U22","U12",0,0
"U22","U13",0,0
"U22","U14",0,0
"U22","U15",0,0
"U22","U16",0,0
"U22","U17",0,0
"U22","U18",0,0
"U22","U19",0,0
"U22","U2",0,0
"U22","U20",0,0
"U22","U21",0,0
"U22","U22",.6265121,1499
"U22","U3",0,0
"U22","U4",0,0
"U22","U5",0,0
"U22","U6",0,0
"U22","U7",0,0
"U22","U8",0,0
"U22","U9",0,0
"U3","Enew1",.0172669,8
"U3","Enew10",.011113,5
"U3","Enew11",.0040258,2
"U3","Enew12",.0025575,1
"U3","Enew13",.004973,2
"U3","Enew14",.0033396,2
"U3","Enew15",0,0
"U3","Enew16",.0073463,4
"U3","Enew17",.0365694,17
"U3","Enew18",.0021739,1
"U3","Enew19",.0037879,2
"U3","Enew2",.0066462,4
"U3","Enew20",.0121309,7
"U3","Enew21",.0126885,7
"U3","Enew22",.0119877,6
"U3","Enew3",.1048033,55
"U3","Enew4",.0111224,6
"U3","Enew5",.0016103,1
"U3","Enew6",.0040467,2
"U3","Enew7",0,0
"U3","Enew8",.009603,5
"U3","Enew9",.0107921,6
"U3","Esame1",0,0
"U3","Esame10",0,0
"U3","Esame11",0,0
"U3","Esame12",0,0
"U3","Esame13",0,0
"U3","Esame14",0,0
"U3","Esame15",0,0
"U3","Esame16",0,0
"U3","Esame17",0,0
"U3","Esame18",0,0
"U3","Esame19",0,0
"U3","Esame2",0,0
"U3","Esame20",0,0
"U3","Esame21",0,0
"U3","Esame22",0,0
"U3","Esame3",0,0
"U3","Esame4",0,0
"U3","Esame5",0,0
"U3","Esame6",0,0
"U3","Esame7",0,0
"U3","Esame8",0,0
"U3","Esame9",0,0
"U3","U1",0,0
"U3","U10",0,0
"U3","U11",0,0
"U3","U12",0,0
"U3","U13",0,0
"U3","U14",0,0
"U3","U15",0,0
"U3","U16",0,0
"U3","U17",0,0
"U3","U18",0,0
"U3","U19",0,0
"U3","U2",0,0
"U3","U20",0,0
"U3","U21",0,0
"U3","U22",0,0
"U3","U3",.7214154,379
"U3","U4",0,0
"U3","U5",0,0
"U3","U6",0,0
"U3","U7",0,0
"U3","U8",0,0
"U3","U9",0,0
"U4","Enew1",.0461934,11
"U4","Enew10",0,0
"U4","Enew11",0,0
"U4","Enew12",0,0
"U4","Enew13",.0061807,2
"U4","Enew14",.0042443,2
"U4","Enew15",.0028986,1
"U4","Enew16",.029395,8
"U4","Enew17",.0070393,3
"U4","Enew18",0,0
"U4","Enew19",.0089286,2
"U4","Enew2",.0162221,5
"U4","Enew20",.0019763,1
"U4","Enew21",.0218898,6
"U4","Enew22",.0189336,6
"U4","Enew3",.0108909,3
"U4","Enew4",.1042945,34
"U4","Enew5",.0077993,3
"U4","Enew6",0,0
"U4","Enew7",0,0
"U4","Enew8",.0020704,1
"U4","Enew9",.0064501,2
"U4","Esame1",0,0
"U4","Esame10",0,0
"U4","Esame11",0,0
"U4","Esame12",0,0
"U4","Esame13",0,0
"U4","Esame14",0,0
"U4","Esame15",0,0
"U4","Esame16",0,0
"U4","Esame17",0,0
"U4","Esame18",0,0
"U4","Esame19",0,0
"U4","Esame2",0,0
"U4","Esame20",0,0
"U4","Esame21",0,0
"U4","Esame22",0,0
"U4","Esame3",0,0
"U4","Esame4",0,0
"U4","Esame5",0,0
"U4","Esame6",0,0
"U4","Esame7",0,0
"U4","Esame8",0,0
"U4","Esame9",0,0
"U4","U1",0,0
"U4","U10",0,0
"U4","U11",0,0
"U4","U12",0,0
"U4","U13",0,0
"U4","U14",0,0
"U4","U15",0,0
"U4","U16",0,0
"U4","U17",0,0
"U4","U18",0,0
"U4","U19",0,0
"U4","U2",0,0
"U4","U20",0,0
"U4","U21",0,0
"U4","U22",0,0
"U4","U3",0,0
"U4","U4",.7045932,213
"U4","U5",0,0
"U4","U6",0,0
"U4","U7",0,0
"U4","U8",0,0
"U4","U9",0,0
"U5","Enew1",.0124067,3
"U5","Enew10",.0208608,4
"U5","Enew11",0,0
"U5","Enew12",.013285,3
"U5","Enew13",.0199275,2
"U5","Enew14",0,0
"U5","Enew15",0,0
"U5","Enew16",.0087835,2
"U5","Enew17",.0389767,6
"U5","Enew18",0,0
"U5","Enew19",.0144928,1
"U5","Enew2",.0253623,3
"U5","Enew20",.0062112,1
"U5","Enew21",0,0
"U5","Enew22",.0131313,3
"U5","Enew3",.0155985,3
"U5","Enew4",.0127361,3
"U5","Enew5",.0679152,14
"U5","Enew6",.0083004,2
"U5","Enew7",.0054348,1
"U5","Enew8",.0138889,3
"U5","Enew9",.0108696,1
"U5","Esame1",0,0
"U5","Esame10",0,0
"U5","Esame11",0,0
"U5","Esame12",0,0
"U5","Esame13",0,0
"U5","Esame14",0,0
"U5","Esame15",0,0
"U5","Esame16",0,0
"U5","Esame17",0,0
"U5","Esame18",0,0
"U5","Esame19",0,0
"U5","Esame2",0,0
"U5","Esame20",0,0
"U5","Esame21",0,0
"U5","Esame22",0,0
"U5","Esame3",0,0
"U5","Esame4",0,0
"U5","Esame5",0,0
"U5","Esame6",0,0
"U5","Esame7",0,0
"U5","Esame8",0,0
"U5","Esame9",0,0
"U5","U1",0,0
"U5","U10",0,0
"U5","U11",0,0
"U5","U12",0,0
"U5","U13",0,0
"U5","U14",0,0
"U5","U15",0,0
"U5","U16",0,0
"U5","U17",0,0
"U5","U18",0,0
"U5","U19",0,0
"U5","U2",0,0
"U5","U20",0,0
"U5","U21",0,0
"U5","U22",0,0
"U5","U3",0,0
"U5","U4",0,0
"U5","U5",.6918188,119
"U5","U6",0,0
"U5","U7",0,0
"U5","U8",0,0
"U5","U9",0,0
"U6","Enew1",.0235507,5
"U6","Enew10",.0036232,1
"U6","Enew11",.0137892,4
"U6","Enew12",0,0
"U6","Enew13",.0247521,5
"U6","Enew14",0,0
"U6","Enew15",.0430682,9
"U6","Enew16",.0332256,10
"U6","Enew17",.0191379,7
"U6","Enew18",0,0
"U6","Enew19",0,0
"U6","Enew2",.0178617,5
"U6","Enew20",0,0
"U6","Enew21",.0043478,1
"U6","Enew22",.0097826,2
"U6","Enew3",0,0
"U6","Enew4",0,0
"U6","Enew5",.0062409,2
"U6","Enew6",.113855,32
"U6","Enew7",0,0
"U6","Enew8",.0358902,11
"U6","Enew9",0,0
"U6","Esame1",0,0
"U6","Esame10",0,0
"U6","Esame11",0,0
"U6","Esame12",0,0
"U6","Esame13",0,0
"U6","Esame14",0,0
"U6","Esame15",0,0
"U6","Esame16",0,0
"U6","Esame17",0,0
"U6","Esame18",0,0
"U6","Esame19",0,0
"U6","Esame2",0,0
"U6","Esame20",0,0
"U6","Esame21",0,0
"U6","Esame22",0,0
"U6","Esame3",0,0
"U6","Esame4",0,0
"U6","Esame5",0,0
"U6","Esame6",0,0
"U6","Esame7",0,0
"U6","Esame8",0,0
"U6","Esame9",0,0
"U6","U1",0,0
"U6","U10",0,0
"U6","U11",0,0
"U6","U12",0,0
"U6","U13",0,0
"U6","U14",0,0
"U6","U15",0,0
"U6","U16",0,0
"U6","U17",0,0
"U6","U18",0,0
"U6","U19",0,0
"U6","U2",0,0
"U6","U20",0,0
"U6","U21",0,0
"U6","U22",0,0
"U6","U3",0,0
"U6","U4",0,0
"U6","U5",0,0
"U6","U6",.6508749,158
"U6","U7",0,0
"U6","U8",0,0
"U6","U9",0,0
"U7","Enew1",0,0
"U7","Enew10",0,0
"U7","Enew11",0,0
"U7","Enew12",.0062112,1
"U7","Enew13",0,0
"U7","Enew14",0,0
"U7","Enew15",.0163043,2
"U7","Enew16",0,0
"U7","Enew17",.0358696,5
"U7","Enew18",0,0
"U7","Enew19",0,0
"U7","Enew2",.0135266,2
"U7","Enew20",0,0
"U7","Enew21",.0062112,1
"U7","Enew22",0,0
"U7","Enew3",.0048309,1
"U7","Enew4",0,0
"U7","Enew5",.0072464,1
"U7","Enew6",.0043478,1
"U7","Enew7",.1384058,20
"U7","Enew8",.0054348,1
"U7","Enew9",0,0
"U7","Esame1",0,0
"U7","Esame10",0,0
"U7","Esame11",0,0
"U7","Esame12",0,0
"U7","Esame13",0,0
"U7","Esame14",0,0
"U7","Esame15",0,0
"U7","Esame16",0,0
"U7","Esame17",0,0
"U7","Esame18",0,0
"U7","Esame19",0,0
"U7","Esame2",0,0
"U7","Esame20",0,0
"U7","Esame21",0,0
"U7","Esame22",0,0
"U7","Esame3",0,0
"U7","Esame4",0,0
"U7","Esame5",0,0
"U7","Esame6",0,0
"U7","Esame7",0,0
"U7","Esame8",0,0
"U7","Esame9",0,0
"U7","U1",0,0
"U7","U10",0,0
"U7","U11",0,0
"U7","U12",0,0
"U7","U13",0,0
"U7","U14",0,0
"U7","U15",0,0
"U7","U16",0,0
"U7","U17",0,0
"U7","U18",0,0
"U7","U19",0,0
"U7","U2",0,0
"U7","U20",0,0
"U7","U21",0,0
"U7","U22",0,0
"U7","U3",0,0
"U7","U4",0,0
"U7","U5",0,0
"U7","U6",0,0
"U7","U7",.7616115,93
"U7","U8",0,0
"U7","U9",0,0
"U8","Enew1",.0109745,14
"U8","Enew10",.0106312,15
"U8","Enew11",.0004063,1
"U8","Enew12",.0015789,2
"U8","Enew13",.0104272,15
"U8","Enew14",.0029393,3
"U8","Enew15",.0190496,23
"U8","Enew16",.0128404,14
"U8","Enew17",.0316838,38
"U8","Enew18",.0022311,2
"U8","Enew19",.0029121,3
"U8","Enew2",.0062669,8
"U8","Enew20",.0005797,1
"U8","Enew21",.0036969,5
"U8","Enew22",.0079916,9
"U8","Enew3",.0058956,8
"U8","Enew4",.0036554,3
"U8","Enew5",.0035761,3
"U8","Enew6",.0073412,9
"U8","Enew7",.0004063,1
"U8","Enew8",.2866436,456
"U8","Enew9",.0137441,13
"U8","Esame1",0,0
"U8","Esame10",0,0
"U8","Esame11",0,0
"U8","Esame12",0,0
"U8","Esame13",0,0
"U8","Esame14",0,0
"U8","Esame15",0,0
"U8","Esame16",0,0
"U8","Esame17",0,0
"U8","Esame18",0,0
"U8","Esame19",0,0
"U8","Esame2",0,0
"U8","Esame20",0,0
"U8","Esame21",0,0
"U8","Esame22",0,0
"U8","Esame3",0,0
"U8","Esame4",0,0
"U8","Esame5",0,0
"U8","Esame6",0,0
"U8","Esame7",0,0
"U8","Esame8",0,0
"U8","Esame9",0,0
"U8","U1",0,0
"U8","U10",0,0
"U8","U11",0,0
"U8","U12",0,0
"U8","U13",0,0
"U8","U14",0,0
"U8","U15",0,0
"U8","U16",0,0
"U8","U17",0,0
"U8","U18",0,0
"U8","U19",0,0
"U8","U2",0,0
"U8","U20",0,0
"U8","U21",0,0
"U8","U22",0,0
"U8","U3",0,0
"U8","U4",0,0
"U8","U5",0,0
"U8","U6",0,0
"U8","U7",0,0
"U8","U8",.5545282,633
"U8","U9",0,0
"U9","Enew1",.0074895,4
"U9","Enew10",.007252,4
"U9","Enew11",.0039601,2
"U9","Enew12",.0017391,1
"U9","Enew13",.0104485,6
"U9","Enew14",.0114085,6
"U9","Enew15",.0176034,9
"U9","Enew16",.0451671,24
"U9","Enew17",.0231059,12
"U9","Enew18",.0015528,1
"U9","Enew19",.0081453,4
"U9","Enew2",.010586,5
"U9","Enew20",.0066828,4
"U9","Enew21",.0086542,4
"U9","Enew22",.0112843,6
"U9","Enew3",.0090459,4
"U9","Enew4",.0034783,2
"U9","Enew5",.0014025,1
"U9","Enew6",.0036232,2
"U9","Enew7",0,0
"U9","Enew8",.0215108,12
"U9","Enew9",.2155857,109
"U9","Esame1",0,0
"U9","Esame10",0,0
"U9","Esame11",0,0
"U9","Esame12",0,0
"U9","Esame13",0,0
"U9","Esame14",0,0
"U9","Esame15",0,0
"U9","Esame16",0,0
"U9","Esame17",0,0
"U9","Esame18",0,0
"U9","Esame19",0,0
"U9","Esame2",0,0
"U9","Esame20",0,0
"U9","Esame21",0,0
"U9","Esame22",0,0
"U9","Esame3",0,0
"U9","Esame4",0,0
"U9","Esame5",0,0
"U9","Esame6",0,0
"U9","Esame7",0,0
"U9","Esame8",0,0
"U9","Esame9",0,0
"U9","U1",0,0
"U9","U10",0,0
"U9","U11",0,0
"U9","U12",0,0
"U9","U13",0,0
"U9","U14",0,0
"U9","U15",0,0
"U9","U16",0,0
"U9","U17",0,0
"U9","U18",0,0
"U9","U19",0,0
"U9","U2",0,0
"U9","U20",0,0
"U9","U21",0,0
"U9","U22",0,0
"U9","U3",0,0
"U9","U4",0,0
"U9","U5",0,0
"U9","U6",0,0
"U9","U7",0,0
"U9","U8",0,0
"U9","U9",.5702742,299
